follower_id,link,followee_id
moon_jasal,https://www.threads.net/@eiwosodidj,eiwosodidj
moon_jasal,https://www.threads.net/@haeja_blue,haeja_blue
moon_jasal,https://www.threads.net/@skywhalestars,skywhalestars
moon_jasal,https://www.threads.net/@iwan_nakillme,iwan_nakillme
moon_jasal,https://www.threads.net/@silent_bin_519,silent_bin_519
moon_jasal,https://www.threads.net/@uulh_._08,uulh_._08
moon_jasal,https://www.threads.net/@wdw1011,wdw1011
moon_jasal,https://www.threads.net/@pablodanielwrite,pablodanielwrite
moon_jasal,https://www.threads.net/@requiem_o2,requiem_o2
moon_jasal,https://www.threads.net/@mind._._.04,mind._._.04
moon_jasal,https://www.threads.net/@oowl_hannl,oowl_hannl
moon_jasal,https://www.threads.net/@melora_gllomy,melora_gllomy
moon_jasal,https://www.threads.net/@dx.he_2,dx.he_2
moon_jasal,https://www.threads.net/@fixer_2023,fixer_2023
moon_jasal,https://www.threads.net/@80.235.7lm,80.235.7lm
moon_jasal,https://www.threads.net/@or_ors,or_ors
moon_jasal,https://www.threads.net/@cococ2610,cococ2610
moon_jasal,https://www.threads.net/@s_oo_r_04,s_oo_r_04
moon_jasal,https://www.threads.net/@08keh,08keh
moon_jasal,https://www.threads.net/@__deficienceamoureuse,__deficienceamoureuse
my_woo____ul,https://www.threads.net/@cheeezeees2,cheeezeees2
my_woo____ul,https://www.threads.net/@id_complete,id_complete
my_woo____ul,https://www.threads.net/@iel_sra,iel_sra
my_woo____ul,https://www.threads.net/@im._.fame,im._.fame
my_woo____ul,https://www.threads.net/@baby_luuv_,baby_luuv_
my_woo____ul,https://www.threads.net/@xkfcnf00,xkfcnf00
my_woo____ul,https://www.threads.net/@seyeonjeong,seyeonjeong
my_woo____ul,https://www.threads.net/@ian_doksoori,ian_doksoori
my_woo____ul,https://www.threads.net/@whateverslayy,whateverslayy
my_woo____ul,https://www.threads.net/@kim_duckhyun,kim_duckhyun
my_woo____ul,https://www.threads.net/@d_0_u_b_l_e_j,d_0_u_b_l_e_j
my_woo____ul,https://www.threads.net/@optical_calgary,optical_calgary
my_woo____ul,https://www.threads.net/@mark_dw_park,mark_dw_park
my_woo____ul,https://www.threads.net/@tootorojudy,tootorojudy
my_woo____ul,https://www.threads.net/@gaon_brow_,gaon_brow_
my_woo____ul,https://www.threads.net/@ha_plamodel,ha_plamodel
my_woo____ul,https://www.threads.net/@byellie_e,byellie_e
my_woo____ul,https://www.threads.net/@ju._.ice._,ju._.ice._
my_woo____ul,https://www.threads.net/@daiiiiiiiiiil,daiiiiiiiiiil
my_woo____ul,https://www.threads.net/@dkandlfmaaaaa,dkandlfmaaaaa
bboriya51,https://www.threads.net/@jiung6482,jiung6482
bboriya51,https://www.threads.net/@oksk3618,oksk3618
bboriya51,https://www.threads.net/@lumongshop,lumongshop
bboriya51,https://www.threads.net/@youtube_hj41420,youtube_hj41420
bboriya51,https://www.threads.net/@engtoontv,engtoontv
bboriya51,https://www.threads.net/@habyimam,habyimam
ryasien,https://www.threads.net/@iel_sra,iel_sra
ryasien,https://www.threads.net/@ji_sisters,ji_sisters
ryasien,https://www.threads.net/@im._.fame,im._.fame
ryasien,https://www.threads.net/@blu3_o_o_v,blu3_o_o_v
ryasien,https://www.threads.net/@orangehill_salasik,orangehill_salasik
ryasien,https://www.threads.net/@lifeistooshort.cl,lifeistooshort.cl
ryasien,https://www.threads.net/@_jitwo_o,_jitwo_o
ryasien,https://www.threads.net/@__geungmi,__geungmi
ryasien,https://www.threads.net/@jhhong0919,jhhong0919
ryasien,https://www.threads.net/@min1sugar,min1sugar
ryasien,https://www.threads.net/@hagosipeun__mal,hagosipeun__mal
ryasien,https://www.threads.net/@off_6pm,off_6pm
ryasien,https://www.threads.net/@habillerbienatelier,habillerbienatelier
ryasien,https://www.threads.net/@busement_,busement_
ryasien,https://www.threads.net/@_likeyourpurple,_likeyourpurple
ryasien,https://www.threads.net/@woodngngngn,woodngngngn
ryasien,https://www.threads.net/@mkmmji,mkmmji
ryasien,https://www.threads.net/@harusori_diary,harusori_diary
ryasien,https://www.threads.net/@orosi_naro,orosi_naro
ryasien,https://www.threads.net/@i_back_100,i_back_100
gh0422,https://www.threads.net/@iel_sra,iel_sra
gh0422,https://www.threads.net/@sojoonghan_,sojoonghan_
gh0422,https://www.threads.net/@loveme0421,loveme0421
gh0422,https://www.threads.net/@uni_bom_bom,uni_bom_bom
gh0422,https://www.threads.net/@jina__made,jina__made
gh0422,https://www.threads.net/@myonlyocean,myonlyocean
gh0422,https://www.threads.net/@kcm_return,kcm_return
gh0422,https://www.threads.net/@sohyunee718,sohyunee718
gh0422,https://www.threads.net/@miss_84mm,miss_84mm
gh0422,https://www.threads.net/@hwaononhwa,hwaononhwa
gh0422,https://www.threads.net/@seol_a_lee92,seol_a_lee92
gh0422,https://www.threads.net/@hagosipeun__mal,hagosipeun__mal
gh0422,https://www.threads.net/@_puum_kinn_,_puum_kinn_
gh0422,https://www.threads.net/@onzewxxlxx,onzewxxlxx
gh0422,https://www.threads.net/@h_rosemary0514,h_rosemary0514
gh0422,https://www.threads.net/@iiaoni,iiaoni
gh0422,https://www.threads.net/@kimsegyung93,kimsegyung93
gh0422,https://www.threads.net/@kimrebae,kimrebae
gh0422,https://www.threads.net/@hyeriboy02,hyeriboy02
gh0422,https://www.threads.net/@heejung03,heejung03
fall_1you,https://www.threads.net/@counsel_4u,counsel_4u
fall_1you,https://www.threads.net/@iel_sra,iel_sra
fall_1you,https://www.threads.net/@psyapple_personal,psyapple_personal
fall_1you,https://www.threads.net/@royoontraining,royoontraining
fall_1you,https://www.threads.net/@the.art.of_loving,the.art.of_loving
fall_1you,https://www.threads.net/@sokgshy_42,sokgshy_42
fall_1you,https://www.threads.net/@glglahffkeheo,glglahffkeheo
fall_1you,https://www.threads.net/@ohhfascinating,ohhfascinating
fall_1you,https://www.threads.net/@jyouthlee,jyouthlee
fall_1you,https://www.threads.net/@woodngngngn,woodngngngn
s_oo_r_04,https://www.threads.net/@moon_jasal,moon_jasal
s_oo_r_04,https://www.threads.net/@for_d_life,for_d_life
s_oo_r_04,https://www.threads.net/@haaning_06,haaning_06
s_oo_r_04,https://www.threads.net/@melora_gllomy,melora_gllomy
s_oo_r_04,https://www.threads.net/@saida._.1019,saida._.1019
s_oo_r_04,https://www.threads.net/@cococ2610,cococ2610
s_oo_r_04,https://www.threads.net/@ghost_drawer777,ghost_drawer777
s_oo_r_04,https://www.threads.net/@mind._._.04,mind._._.04
s_oo_r_04,https://www.threads.net/@ohye_ong_,ohye_ong_
s_oo_r_04,https://www.threads.net/@suicide_129,suicide_129
s_oo_r_04,https://www.threads.net/@maej_eum,maej_eum
s_oo_r_04,https://www.threads.net/@wktkfrleh_07,wktkfrleh_07
s_oo_r_04,https://www.threads.net/@dawn.1429,dawn.1429
s_oo_r_04,https://www.threads.net/@yubin0609,yubin0609
melora_gllomy,https://www.threads.net/@garm_gram,garm_gram
melora_gllomy,https://www.threads.net/@y.hs91,y.hs91
melora_gllomy,https://www.threads.net/@cickbear,cickbear
melora_gllomy,https://www.threads.net/@jules_tak,jules_tak
melora_gllomy,https://www.threads.net/@pinkintheblue,pinkintheblue
melora_gllomy,https://www.threads.net/@_juoni_,_juoni_
melora_gllomy,https://www.threads.net/@imyotree,imyotree
melora_gllomy,https://www.threads.net/@hu_lulul,hu_lulul
melora_gllomy,https://www.threads.net/@i_back_100,i_back_100
melora_gllomy,https://www.threads.net/@sunheejin89,sunheejin89
melora_gllomy,https://www.threads.net/@grabit4480,grabit4480
melora_gllomy,https://www.threads.net/@jianham9,jianham9
melora_gllomy,https://www.threads.net/@aeonianeuphoria___,aeonianeuphoria___
melora_gllomy,https://www.threads.net/@heebum5864,heebum5864
melora_gllomy,https://www.threads.net/@bluetomatomato,bluetomatomato
melora_gllomy,https://www.threads.net/@haeja_blue,haeja_blue
melora_gllomy,https://www.threads.net/@dkandlfmaaaaa,dkandlfmaaaaa
melora_gllomy,https://www.threads.net/@hermanos_aurora,hermanos_aurora
melora_gllomy,https://www.threads.net/@gloomygloww,gloomygloww
melora_gllomy,https://www.threads.net/@skywhalestars,skywhalestars
basasak_human_,https://www.threads.net/@sale.onul,sale.onul
basasak_human_,https://www.threads.net/@myerita12,myerita12
basasak_human_,https://www.threads.net/@frandly.kr,frandly.kr
basasak_human_,https://www.threads.net/@mbtilover_,mbtilover_
basasak_human_,https://www.threads.net/@myo_hagae,myo_hagae
basasak_human_,https://www.threads.net/@eatnayo_official,eatnayo_official
basasak_human_,https://www.threads.net/@pig__nie,pig__nie
basasak_human_,https://www.threads.net/@sleep_honeytip,sleep_honeytip
basasak_human_,https://www.threads.net/@yest_erdaynews,yest_erdaynews
basasak_human_,https://www.threads.net/@career_mypie,career_mypie
basasak_human_,https://www.threads.net/@junjyunjunjyun,junjyunjunjyun
basasak_human_,https://www.threads.net/@_mieumi,_mieumi
basasak_human_,https://www.threads.net/@yactopia_here,yactopia_here
basasak_human_,https://www.threads.net/@woodngngngn,woodngngngn
basasak_human_,https://www.threads.net/@tip_tip_tib,tip_tip_tib
basasak_human_,https://www.threads.net/@stepuplab_official,stepuplab_official
basasak_human_,https://www.threads.net/@hanbyul_hangyul_,hanbyul_hangyul_
basasak_human_,https://www.threads.net/@namu73462,namu73462
basasak_human_,https://www.threads.net/@moolnight_bckp,moolnight_bckp
basasak_human_,https://www.threads.net/@_puum_kinn_,_puum_kinn_
iseohyeon3002,https://www.threads.net/@thejmstyle,thejmstyle
iseohyeon3002,https://www.threads.net/@shy_pp._,shy_pp._
iseohyeon3002,https://www.threads.net/@dkandlfmaaaaa,dkandlfmaaaaa
iseohyeon3002,https://www.threads.net/@y.daeun_enfj,y.daeun_enfj
iseohyeon3002,https://www.threads.net/@h_y_o_y_o,h_y_o_y_o
iseohyeon3002,https://www.threads.net/@silent_bin_519,silent_bin_519
iseohyeon3002,https://www.threads.net/@amazef1,amazef1
iseohyeon3002,https://www.threads.net/@ak__albae,ak__albae
iseohyeon3002,https://www.threads.net/@songpu__,songpu__
iseohyeon3002,https://www.threads.net/@kimaramarama,kimaramarama
iseohyeon3002,https://www.threads.net/@ham_butler99,ham_butler99
iseohyeon3002,https://www.threads.net/@nomaon_,nomaon_
iseohyeon3002,https://www.threads.net/@an_incredible_story_,an_incredible_story_
iseohyeon3002,https://www.threads.net/@shiningkim.m,shiningkim.m
iseohyeon3002,https://www.threads.net/@eun.hyijeong,eun.hyijeong
iseohyeon3002,https://www.threads.net/@____ah_0_0,____ah_0_0
_puum_kinn_,https://www.threads.net/@_petitsummer,_petitsummer
_puum_kinn_,https://www.threads.net/@find_my_pivot,find_my_pivot
_puum_kinn_,https://www.threads.net/@_galdosa,_galdosa
_puum_kinn_,https://www.threads.net/@yeorip_,yeorip_
_puum_kinn_,https://www.threads.net/@chichi_chimae,chichi_chimae
_puum_kinn_,https://www.threads.net/@yang_yang_v,yang_yang_v
_puum_kinn_,https://www.threads.net/@seonmi9720,seonmi9720
_puum_kinn_,https://www.threads.net/@say__life,say__life
_puum_kinn_,https://www.threads.net/@gh0422,gh0422
_puum_kinn_,https://www.threads.net/@seul.grim_,seul.grim_
_puum_kinn_,https://www.threads.net/@tamimamang,tamimamang
_puum_kinn_,https://www.threads.net/@sohyunee718,sohyunee718
_puum_kinn_,https://www.threads.net/@gimhyeonsug612,gimhyeonsug612
_puum_kinn_,https://www.threads.net/@moonaoq,moonaoq
_puum_kinn_,https://www.threads.net/@creamupang,creamupang
_puum_kinn_,https://www.threads.net/@2hominnim,2hominnim
_puum_kinn_,https://www.threads.net/@_su.na.bin_,_su.na.bin_
_puum_kinn_,https://www.threads.net/@jules_tak,jules_tak
_puum_kinn_,https://www.threads.net/@yyeon.kr,yyeon.kr
_puum_kinn_,https://www.threads.net/@erist_tt,erist_tt
boxtrap_km78,https://www.threads.net/@iel_sra,iel_sra
boxtrap_km78,https://www.threads.net/@ni_nanomi,ni_nanomi
boxtrap_km78,https://www.threads.net/@w.taeheon,w.taeheon
boxtrap_km78,https://www.threads.net/@wedge_adler,wedge_adler
boxtrap_km78,https://www.threads.net/@jo_ri_pong0_0,jo_ri_pong0_0
boxtrap_km78,https://www.threads.net/@min.o_g,min.o_g
boxtrap_km78,https://www.threads.net/@_xxek00,_xxek00
boxtrap_km78,https://www.threads.net/@97_dongyun,97_dongyun
ohhfascinating,https://www.threads.net/@psychologia_ko,psychologia_ko
ohhfascinating,https://www.threads.net/@yozoh_k,yozoh_k
ohhfascinating,https://www.threads.net/@psychiatrist_chat,psychiatrist_chat
ohhfascinating,https://www.threads.net/@b_luei_i,b_luei_i
ohhfascinating,https://www.threads.net/@drkimpsychology,drkimpsychology
ohhfascinating,https://www.threads.net/@jungsungcoun,jungsungcoun
ohhfascinating,https://www.threads.net/@j.yeon_0604,j.yeon_0604
ohhfascinating,https://www.threads.net/@arbolbajo,arbolbajo
ohhfascinating,https://www.threads.net/@han.fill_grim,han.fill_grim
ohhfascinating,https://www.threads.net/@aspiring_future_pmhnp,aspiring_future_pmhnp
ohhfascinating,https://www.threads.net/@nakhwa0613_writer,nakhwa0613_writer
ohhfascinating,https://www.threads.net/@im5838,im5838
ohhfascinating,https://www.threads.net/@jieuns04,jieuns04
ohhfascinating,https://www.threads.net/@wishandwind,wishandwind
ohhfascinating,https://www.threads.net/@ortho_hg,ortho_hg
ohhfascinating,https://www.threads.net/@hyhyhy._.000,hyhyhy._.000
ohhfascinating,https://www.threads.net/@jinseung_5_friends,jinseung_5_friends
ohhfascinating,https://www.threads.net/@asyouare0529,asyouare0529
ohhfascinating,https://www.threads.net/@psyclinic_withallmyheart,psyclinic_withallmyheart
ohhfascinating,https://www.threads.net/@stepuplab_official,stepuplab_official
comfort._y,https://www.threads.net/@modoo.garden,modoo.garden
comfort._y,https://www.threads.net/@stoic_.cherry,stoic_.cherry
comfort._y,https://www.threads.net/@siss_cherry,siss_cherry
comfort._y,https://www.threads.net/@revee.u1,revee.u1
comfort._y,https://www.threads.net/@naon_409,naon_409
comfort._y,https://www.threads.net/@h_neoul_,h_neoul_
comfort._y,https://www.threads.net/@fox6.09,fox6.09
comfort._y,https://www.threads.net/@kyeji_cherry,kyeji_cherry
comfort._y,https://www.threads.net/@cherry_814_sarang.ha,cherry_814_sarang.ha
comfort._y,https://www.threads.net/@han.eul_0,han.eul_0
comfort._y,https://www.threads.net/@comfort_jiwoo,comfort_jiwoo
comfort._y,https://www.threads.net/@cholichoko_cherry,cholichoko_cherry
comfort._y,https://www.threads.net/@comfort_jafu,comfort_jafu
comfort._y,https://www.threads.net/@cherish_siho,cherish_siho
comfort._y,https://www.threads.net/@harin_cherry,harin_cherry
comfort._y,https://www.threads.net/@cherry_north_star_05_,cherry_north_star_05_
comfort._y,https://www.threads.net/@cherry_180428,cherry_180428
comfort._y,https://www.threads.net/@cherry_irin814,cherry_irin814
comfort._y,https://www.threads.net/@cherry_suring,cherry_suring
comfort._y,https://www.threads.net/@hhh_._.162,hhh_._.162
j.yeon_0604,https://www.threads.net/@blueberryny,blueberryny
j.yeon_0604,https://www.threads.net/@_therearenothing,_therearenothing
j.yeon_0604,https://www.threads.net/@ohhfascinating,ohhfascinating
j.yeon_0604,https://www.threads.net/@smyeongcan,smyeongcan
j.yeon_0604,https://www.threads.net/@jiyumin0618,jiyumin0618
j.yeon_0604,https://www.threads.net/@010_ddte,010_ddte
j.yeon_0604,https://www.threads.net/@psyapple_personal,psyapple_personal
j.yeon_0604,https://www.threads.net/@victoria_eunhye,victoria_eunhye
j.yeon_0604,https://www.threads.net/@_fingermind,_fingermind
j.yeon_0604,https://www.threads.net/@purang2eunchan,purang2eunchan
j.yeon_0604,https://www.threads.net/@jeongseungmojeong,jeongseungmojeong
j.yeon_0604,https://www.threads.net/@annie_happylife,annie_happylife
j.yeon_0604,https://www.threads.net/@uni._.corn05,uni._.corn05
j.yeon_0604,https://www.threads.net/@lavi_daloca_,lavi_daloca_
j.yeon_0604,https://www.threads.net/@ram.story89,ram.story89
j.yeon_0604,https://www.threads.net/@jinahoho,jinahoho
j.yeon_0604,https://www.threads.net/@botir982009,botir982009
j.yeon_0604,https://www.threads.net/@k_cyber1388,k_cyber1388
j.yeon_0604,https://www.threads.net/@rays.of_mercy,rays.of_mercy
j.yeon_0604,https://www.threads.net/@grimchoikpro,grimchoikpro
jyouthlee,https://www.threads.net/@gang_2_choi,gang_2_choi
jyouthlee,https://www.threads.net/@doraemong_10,doraemong_10
jyouthlee,https://www.threads.net/@zsxdcfvg______,zsxdcfvg______
jyouthlee,https://www.threads.net/@blackdogtoon_yull,blackdogtoon_yull
jyouthlee,https://www.threads.net/@jjjeongman,jjjeongman
jyouthlee,https://www.threads.net/@y.hs91,y.hs91
jyouthlee,https://www.threads.net/@spring_spring_bom,spring_spring_bom
jyouthlee,https://www.threads.net/@healer_raphael,healer_raphael
jyouthlee,https://www.threads.net/@mind_girok,mind_girok
jyouthlee,https://www.threads.net/@ifyouwereame,ifyouwereame
jyouthlee,https://www.threads.net/@sun_flower4765,sun_flower4765
jyouthlee,https://www.threads.net/@cloche_jewelry2,cloche_jewelry2
jyouthlee,https://www.threads.net/@boky0821,boky0821
jyouthlee,https://www.threads.net/@pig_general,pig_general
jyouthlee,https://www.threads.net/@happy_d315,happy_d315
jyouthlee,https://www.threads.net/@yrnarcisuss,yrnarcisuss
jyouthlee,https://www.threads.net/@2tothesn,2tothesn
jyouthlee,https://www.threads.net/@kim.taewan_,kim.taewan_
jyouthlee,https://www.threads.net/@icarus_1558_,icarus_1558_
jyouthlee,https://www.threads.net/@star.108.3,star.108.3
ibfci,https://www.threads.net/@whatf.alii,whatf.alii
ibfci,https://www.threads.net/@ye.xeu2,ye.xeu2
ibfci,https://www.threads.net/@just_that_weirdo_girl,just_that_weirdo_girl
ibfci,https://www.threads.net/@washing_machine1121,washing_machine1121
ibfci,https://www.threads.net/@hori_koshi7,hori_koshi7
ibfci,https://www.threads.net/@iwbel__,iwbel__
ibfci,https://www.threads.net/@bringmethehorizon,bringmethehorizon
ibfci,https://www.threads.net/@sebastiandanzig,sebastiandanzig
ibfci,https://www.threads.net/@pshetc_00,pshetc_00
ibfci,https://www.threads.net/@hammysoda,hammysoda
ibfci,https://www.threads.net/@musictree_101,musictree_101
ibfci,https://www.threads.net/@prattprattpratt,prattprattpratt
ibfci,https://www.threads.net/@uning_xx____,uning_xx____
ibfci,https://www.threads.net/@arinpaper,arinpaper
ibfci,https://www.threads.net/@davidbowie,davidbowie
ibfci,https://www.threads.net/@artistscar_,artistscar_
ibfci,https://www.threads.net/@bowierecords,bowierecords
ibfci,https://www.threads.net/@e_.eevee,e_.eevee
ibfci,https://www.threads.net/@davidbowienews,davidbowienews
ibfci,https://www.threads.net/@blanc_bin,blanc_bin
jjxxey,https://www.threads.net/@ju.madam_,ju.madam_
jjxxey,https://www.threads.net/@blueice8152,blueice8152
jjxxey,https://www.threads.net/@c_cvvtop,c_cvvtop
jjxxey,https://www.threads.net/@jaebin1ee,jaebin1ee
jjxxey,https://www.threads.net/@seori.ss,seori.ss
jjxxey,https://www.threads.net/@woochamp,woochamp
jjxxey,https://www.threads.net/@vuare_h,vuare_h
jjxxey,https://www.threads.net/@letsrocky_,letsrocky_
jjxxey,https://www.threads.net/@kwidory,kwidory
jjxxey,https://www.threads.net/@dosandaero_baby,dosandaero_baby
jjxxey,https://www.threads.net/@b_style95,b_style95
jjxxey,https://www.threads.net/@crown_s.h,crown_s.h
jjxxey,https://www.threads.net/@ha__rin1,ha__rin1
jjxxey,https://www.threads.net/@__zxi___h,__zxi___h
jjxxey,https://www.threads.net/@jingyowoon,jingyowoon
jjxxey,https://www.threads.net/@culture_bridger_,culture_bridger_
jjxxey,https://www.threads.net/@pacerskorea,pacerskorea
jjxxey,https://www.threads.net/@ogata_marito,ogata_marito
jjxxey,https://www.threads.net/@xs__.size,xs__.size
jjxxey,https://www.threads.net/@studian_official,studian_official
heejung_practice,https://www.threads.net/@adcd06_,adcd06_
heejung_practice,https://www.threads.net/@soyoung_ssam,soyoung_ssam
heejung_practice,https://www.threads.net/@ssssovely___,ssssovely___
heejung_practice,https://www.threads.net/@lurestyle_blackeagle,lurestyle_blackeagle
heejung_practice,https://www.threads.net/@ys1004486,ys1004486
heejung_practice,https://www.threads.net/@gjiwo_n99,gjiwo_n99
heejung_practice,https://www.threads.net/@nailbysso6657,nailbysso6657
heejung_practice,https://www.threads.net/@live_of_faith,live_of_faith
heejung_practice,https://www.threads.net/@noadnail,noadnail
heejung_practice,https://www.threads.net/@sumii6935,sumii6935
heejung_practice,https://www.threads.net/@wando_park93,wando_park93
heejung_practice,https://www.threads.net/@in_muu_yangjeong,in_muu_yangjeong
heejung_practice,https://www.threads.net/@domtic,domtic
heejung_practice,https://www.threads.net/@rozallllll,rozallllll
heejung_practice,https://www.threads.net/@cuteseo._.0,cuteseo._.0
heejung_practice,https://www.threads.net/@hyeongwonn,hyeongwonn
heejung_practice,https://www.threads.net/@s._.m228,s._.m228
heejung_practice,https://www.threads.net/@_luminousdaystar,_luminousdaystar
heejung_practice,https://www.threads.net/@leesohyun030701,leesohyun030701
heejung_practice,https://www.threads.net/@rotala__,rotala__
plainnn_,https://www.threads.net/@hunchaejeong,hunchaejeong
plainnn_,https://www.threads.net/@irimgnay,irimgnay
plainnn_,https://www.threads.net/@be_ur_roze,be_ur_roze
plainnn_,https://www.threads.net/@kim__seal,kim__seal
plainnn_,https://www.threads.net/@_namyung,_namyung
plainnn_,https://www.threads.net/@_csms_r_o,_csms_r_o
plainnn_,https://www.threads.net/@yudarlinn,yudarlinn
plainnn_,https://www.threads.net/@dbqudwo333,dbqudwo333
plainnn_,https://www.threads.net/@arelogicast,arelogicast
plainnn_,https://www.threads.net/@gr_ljh,gr_ljh
plainnn_,https://www.threads.net/@jde_luv,jde_luv
plainnn_,https://www.threads.net/@hwang_yesl,hwang_yesl
silent_bin_519,https://www.threads.net/@minhee477,minhee477
silent_bin_519,https://www.threads.net/@teetoo_twins_toon,teetoo_twins_toon
silent_bin_519,https://www.threads.net/@asyouare0529,asyouare0529
silent_bin_519,https://www.threads.net/@he11o_sweetiee,he11o_sweetiee
silent_bin_519,https://www.threads.net/@hojin__1025,hojin__1025
silent_bin_519,https://www.threads.net/@zhvpfmsltba,zhvpfmsltba
silent_bin_519,https://www.threads.net/@almond_tangerin,almond_tangerin
silent_bin_519,https://www.threads.net/@humming._.life,humming._.life
silent_bin_519,https://www.threads.net/@h3r0ran,h3r0ran
silent_bin_519,https://www.threads.net/@shining_eag1e,shining_eag1e
silent_bin_519,https://www.threads.net/@adhdmoonjuice,adhdmoonjuice
silent_bin_519,https://www.threads.net/@ganjunmo,ganjunmo
silent_bin_519,https://www.threads.net/@mun_mming,mun_mming
silent_bin_519,https://www.threads.net/@daainn_22,daainn_22
silent_bin_519,https://www.threads.net/@bopuri_toon,bopuri_toon
silent_bin_519,https://www.threads.net/@w_wn04,w_wn04
silent_bin_519,https://www.threads.net/@aspiring_future_pmhnp,aspiring_future_pmhnp
silent_bin_519,https://www.threads.net/@littleme_breaking,littleme_breaking
silent_bin_519,https://www.threads.net/@nakhwa0613_writer,nakhwa0613_writer
silent_bin_519,https://www.threads.net/@choitendo,choitendo
jinnykang123,https://www.threads.net/@da_vely_nail_,da_vely_nail_
jinnykang123,https://www.threads.net/@eomvely_09,eomvely_09
jinnykang123,https://www.threads.net/@hyunjung161222,hyunjung161222
jinnykang123,https://www.threads.net/@blueming_1997,blueming_1997
jinnykang123,https://www.threads.net/@95_wwookk_,95_wwookk_
jinnykang123,https://www.threads.net/@brandon.heo,brandon.heo
jinnykang123,https://www.threads.net/@health_hellsoo,health_hellsoo
jinnykang123,https://www.threads.net/@daily_emotion_lee,daily_emotion_lee
jinnykang123,https://www.threads.net/@forever_wilsongs,forever_wilsongs
jinnykang123,https://www.threads.net/@minj.un3,minj.un3
jinnykang123,https://www.threads.net/@k.junu,k.junu
jinnykang123,https://www.threads.net/@_soonbuem,_soonbuem
jinnykang123,https://www.threads.net/@gimyeongbin3496,gimyeongbin3496
jinnykang123,https://www.threads.net/@pauldho,pauldho
jinnykang123,https://www.threads.net/@prisoner_of_steelers,prisoner_of_steelers
jinnykang123,https://www.threads.net/@pulmeogneunsaja,pulmeogneunsaja
jinnykang123,https://www.threads.net/@k.h.s0509,k.h.s0509
jinnykang123,https://www.threads.net/@sang_joon_lee,sang_joon_lee
jinnykang123,https://www.threads.net/@bs.sssssssss,bs.sssssssss
jinnykang123,https://www.threads.net/@r_.boeun,r_.boeun
jinnykang123,https://www.threads.net/@kkksoaka,kkksoaka
wishandwind,https://www.threads.net/@pjhnet45,pjhnet45
wishandwind,https://www.threads.net/@jiyeon_jonny,jiyeon_jonny
wishandwind,https://www.threads.net/@dydhd.hdhsh,dydhd.hdhsh
wishandwind,https://www.threads.net/@yeongyeong_design,yeongyeong_design
wishandwind,https://www.threads.net/@si.wol_,si.wol_
wishandwind,https://www.threads.net/@jong.bbi,jong.bbi
wishandwind,https://www.threads.net/@smile_kooooooo,smile_kooooooo
wishandwind,https://www.threads.net/@cottoncandy_daily,cottoncandy_daily
wishandwind,https://www.threads.net/@black_chatter,black_chatter
wishandwind,https://www.threads.net/@everymoment_._._,everymoment_._._
wishandwind,https://www.threads.net/@dr.minjikim,dr.minjikim
wishandwind,https://www.threads.net/@mgy2xng,mgy2xng
wishandwind,https://www.threads.net/@nanananssw,nanananssw
wishandwind,https://www.threads.net/@nakhwa0613_writer,nakhwa0613_writer
wishandwind,https://www.threads.net/@meonji_toon_,meonji_toon_
myeonggu934,https://www.threads.net/@xgnoey,xgnoey
myeonggu934,https://www.threads.net/@leebdob_1,leebdob_1
myeonggu934,https://www.threads.net/@mmnnrrctstmom,mmnnrrctstmom
myeonggu934,https://www.threads.net/@namooo_1009,namooo_1009
myeonggu934,https://www.threads.net/@holy_boldy,holy_boldy
myeonggu934,https://www.threads.net/@apple3390,apple3390
myeonggu934,https://www.threads.net/@9ye_vely9,9ye_vely9
myeonggu934,https://www.threads.net/@blueberryapplemango,blueberryapplemango
myeonggu934,https://www.threads.net/@ddo_reee,ddo_reee
myeonggu934,https://www.threads.net/@rm.visualizer,rm.visualizer
myeonggu934,https://www.threads.net/@younvely_ovo,younvely_ovo
myeonggu934,https://www.threads.net/@dakjjijjisalsal,dakjjijjisalsal
myeonggu934,https://www.threads.net/@kayl0980,kayl0980
myeonggu934,https://www.threads.net/@zerobeack,zerobeack
myeonggu934,https://www.threads.net/@dakdolman_game,dakdolman_game
myeonggu934,https://www.threads.net/@keiky85,keiky85
myeonggu934,https://www.threads.net/@meonmoonh,meonmoonh
myeonggu934,https://www.threads.net/@gongboot_bbang,gongboot_bbang
myeonggu934,https://www.threads.net/@ssannai0317,ssannai0317
myeonggu934,https://www.threads.net/@supermk33,supermk33
chunhwa_love,https://www.threads.net/@the_modgu,the_modgu
chunhwa_love,https://www.threads.net/@jones_david_43,jones_david_43
chunhwa_love,https://www.threads.net/@gimseong.hyeon,gimseong.hyeon
chunhwa_love,https://www.threads.net/@shineu_sw,shineu_sw
chunhwa_love,https://www.threads.net/@newmarie1983,newmarie1983
chunhwa_love,https://www.threads.net/@and_wonyoung,and_wonyoung
chunhwa_love,https://www.threads.net/@bns_terry,bns_terry
chunhwa_love,https://www.threads.net/@bumwoooooo,bumwoooooo
chunhwa_love,https://www.threads.net/@taehyun2972,taehyun2972
chunhwa_love,https://www.threads.net/@lims_______________,lims_______________
chunhwa_love,https://www.threads.net/@murrayvi9188,murrayvi9188
chunhwa_love,https://www.threads.net/@physique_pharmwoo,physique_pharmwoo
chunhwa_love,https://www.threads.net/@0blivion______,0blivion______
chunhwa_love,https://www.threads.net/@j3n2v,j3n2v
chunhwa_love,https://www.threads.net/@jeongwonsig6,jeongwonsig6
chunhwa_love,https://www.threads.net/@kim_lee11245578,kim_lee11245578
chunhwa_love,https://www.threads.net/@ghqls0422,ghqls0422
chunhwa_love,https://www.threads.net/@jangminh2389,jangminh2389
chunhwa_love,https://www.threads.net/@davechoi_hawaii,davechoi_hawaii
chunhwa_love,https://www.threads.net/@varnest_official,varnest_official
b_luei_i,https://www.threads.net/@bimhi__2,bimhi__2
b_luei_i,https://www.threads.net/@ohhfascinating,ohhfascinating
b_luei_i,https://www.threads.net/@on_ox_off,on_ox_off
b_luei_i,https://www.threads.net/@kmc_.79,kmc_.79
b_luei_i,https://www.threads.net/@sl2xy,sl2xy
b_luei_i,https://www.threads.net/@jyouthlee,jyouthlee
b_luei_i,https://www.threads.net/@_puum_kinn_,_puum_kinn_
b_luei_i,https://www.threads.net/@nakhwa0613_writer,nakhwa0613_writer
b_luei_i,https://www.threads.net/@yejjiolin,yejjiolin
b_luei_i,https://www.threads.net/@lica_toon,lica_toon
b_luei_i,https://www.threads.net/@halcyon._.lucy,halcyon._.lucy
b_luei_i,https://www.threads.net/@woodngngngn,woodngngngn
b_luei_i,https://www.threads.net/@mind._._.04,mind._._.04
b_luei_i,https://www.threads.net/@suicide__0630,suicide__0630
b_luei_i,https://www.threads.net/@wktkfrleh_07,wktkfrleh_07
b_luei_i,https://www.threads.net/@jiyeon_jonny,jiyeon_jonny
b_luei_i,https://www.threads.net/@fixer_2023,fixer_2023
b_luei_i,https://www.threads.net/@doa_counselling,doa_counselling
b_luei_i,https://www.threads.net/@silent_bin_519,silent_bin_519
b_luei_i,https://www.threads.net/@h._.y_43,h._.y_43
coeseon,https://www.threads.net/@164.4_cm_,164.4_cm_
coeseon,https://www.threads.net/@kanghj8510,kanghj8510
coeseon,https://www.threads.net/@iel_sra,iel_sra
coeseon,https://www.threads.net/@ju__0527,ju__0527
coeseon,https://www.threads.net/@rk9_lilli,rk9_lilli
coeseon,https://www.threads.net/@choi__jina,choi__jina
coeseon,https://www.threads.net/@apple3390,apple3390
coeseon,https://www.threads.net/@blacksky3255,blacksky3255
coeseon,https://www.threads.net/@hype2k_official,hype2k_official
coeseon,https://www.threads.net/@kim.bok.rye,kim.bok.rye
coeseon,https://www.threads.net/@han_pd_drama_music_producer,han_pd_drama_music_producer
coeseon,https://www.threads.net/@pro__kim,pro__kim
coeseon,https://www.threads.net/@lxzin_yeosu,lxzin_yeosu
coeseon,https://www.threads.net/@karrel82,karrel82
coeseon,https://www.threads.net/@smile_jke,smile_jke
coeseon,https://www.threads.net/@0_ho_0129,0_ho_0129
coeseon,https://www.threads.net/@hillstone_dogpoolvilla,hillstone_dogpoolvilla
coeseon,https://www.threads.net/@yoursong_kyojung,yoursong_kyojung
coeseon,https://www.threads.net/@youmg713,youmg713
coeseon,https://www.threads.net/@ella__0__,ella__0__
zzzin._.daaa,https://www.threads.net/@2lun_0.0_,2lun_0.0_
zzzin._.daaa,https://www.threads.net/@xxoo_q5,xxoo_q5
zzzin._.daaa,https://www.threads.net/@hirit9.75,hirit9.75
zzzin._.daaa,https://www.threads.net/@mixingsj,mixingsj
zzzin._.daaa,https://www.threads.net/@jaeseochoi,jaeseochoi
zzzin._.daaa,https://www.threads.net/@jeongainstar,jeongainstar
zzzin._.daaa,https://www.threads.net/@yunsh1109,yunsh1109
zzzin._.daaa,https://www.threads.net/@forest._.tj,forest._.tj
zzzin._.daaa,https://www.threads.net/@siyoung921117,siyoung921117
zzzin._.daaa,https://www.threads.net/@d_gyuut_q_b,d_gyuut_q_b
zzzin._.daaa,https://www.threads.net/@style.eff_,style.eff_
zzzin._.daaa,https://www.threads.net/@troychunmusic,troychunmusic
zzzin._.daaa,https://www.threads.net/@sssssssss.na,sssssssss.na
zzzin._.daaa,https://www.threads.net/@hoon._.zzzzi1111,hoon._.zzzzi1111
zzzin._.daaa,https://www.threads.net/@john_4__,john_4__
zzzin._.daaa,https://www.threads.net/@ma_do_pal,ma_do_pal
zzzin._.daaa,https://www.threads.net/@jaylee_traveler,jaylee_traveler
zzzin._.daaa,https://www.threads.net/@yyj.photo,yyj.photo
zzzin._.daaa,https://www.threads.net/@serendipty3437,serendipty3437
zzzin._.daaa,https://www.threads.net/@_k_jixxy,_k_jixxy
gloomyygo,https://www.threads.net/@koko_thehealer,koko_thehealer
gloomyygo,https://www.threads.net/@shu______u,shu______u
gloomyygo,https://www.threads.net/@knnittinglim,knnittinglim
gloomyygo,https://www.threads.net/@365.memory_,365.memory_
gloomyygo,https://www.threads.net/@chu_russs,chu_russs
gloomyygo,https://www.threads.net/@ccm0.928,ccm0.928
gloomyygo,https://www.threads.net/@normal_n_elegant_life,normal_n_elegant_life
gloomyygo,https://www.threads.net/@gosony0908,gosony0908
gloomyygo,https://www.threads.net/@fevernova111,fevernova111
gloomyygo,https://www.threads.net/@kkiiuu_77,kkiiuu_77
gloomyygo,https://www.threads.net/@saebomingming,saebomingming
gloomyygo,https://www.threads.net/@ps_pinksky,ps_pinksky
gloomyygo,https://www.threads.net/@dnk13018,dnk13018
gloomyygo,https://www.threads.net/@47diet_mming,47diet_mming
gloomyygo,https://www.threads.net/@pjsbr_28,pjsbr_28
gloomyygo,https://www.threads.net/@__geungmi,__geungmi
gloomyygo,https://www.threads.net/@glorii_l,glorii_l
gloomyygo,https://www.threads.net/@musejeiya,musejeiya
gloomyygo,https://www.threads.net/@happy_desking,happy_desking
gloomyygo,https://www.threads.net/@_selfishrabbit_,_selfishrabbit_
arbolbajo,https://www.threads.net/@iamjjeun,iamjjeun
arbolbajo,https://www.threads.net/@torque_mangto,torque_mangto
arbolbajo,https://www.threads.net/@lica_toon,lica_toon
arbolbajo,https://www.threads.net/@sankalpvg,sankalpvg
arbolbajo,https://www.threads.net/@indieromancebishes,indieromancebishes
arbolbajo,https://www.threads.net/@summerly0_0,summerly0_0
arbolbajo,https://www.threads.net/@im._.fame,im._.fame
arbolbajo,https://www.threads.net/@love_shlee,love_shlee
arbolbajo,https://www.threads.net/@f0r2oopercent,f0r2oopercent
arbolbajo,https://www.threads.net/@minjaekim_cno_mph,minjaekim_cno_mph
arbolbajo,https://www.threads.net/@__hxrx_it,__hxrx_it
arbolbajo,https://www.threads.net/@rose.luvzzu,rose.luvzzu
arbolbajo,https://www.threads.net/@diiing_one_,diiing_one_
arbolbajo,https://www.threads.net/@huke1484,huke1484
arbolbajo,https://www.threads.net/@hanbyul_hangyul_,hanbyul_hangyul_
arbolbajo,https://www.threads.net/@see_dong_hwi,see_dong_hwi
arbolbajo,https://www.threads.net/@alex_foleyartist,alex_foleyartist
arbolbajo,https://www.threads.net/@ijiyeon1150,ijiyeon1150
arbolbajo,https://www.threads.net/@brian.maierhofer,brian.maierhofer
arbolbajo,https://www.threads.net/@winners_village,winners_village
hanbyul_hangyul_,https://www.threads.net/@woooiii_17,woooiii_17
hanbyul_hangyul_,https://www.threads.net/@arbolbajo,arbolbajo
hanbyul_hangyul_,https://www.threads.net/@jyouthlee,jyouthlee
hanbyul_hangyul_,https://www.threads.net/@fivebillonsgirl_ksl,fivebillonsgirl_ksl
hanbyul_hangyul_,https://www.threads.net/@jadomomseoah,jadomomseoah
hanbyul_hangyul_,https://www.threads.net/@_calm_calm,_calm_calm
hanbyul_hangyul_,https://www.threads.net/@wngml_x0,wngml_x0
hanbyul_hangyul_,https://www.threads.net/@er_ape,er_ape
hanbyul_hangyul_,https://www.threads.net/@mer0dy.328,mer0dy.328
hanbyul_hangyul_,https://www.threads.net/@yiseo_ashenisland_,yiseo_ashenisland_
hanbyul_hangyul_,https://www.threads.net/@sean_lee70,sean_lee70
hanbyul_hangyul_,https://www.threads.net/@leeleeleese,leeleeleese
hanbyul_hangyul_,https://www.threads.net/@crush119119119,crush119119119
hanbyul_hangyul_,https://www.threads.net/@seonmi9720,seonmi9720
hanbyul_hangyul_,https://www.threads.net/@sicccgr,sicccgr
hanbyul_hangyul_,https://www.threads.net/@ohhfascinating,ohhfascinating
hanbyul_hangyul_,https://www.threads.net/@rollingstone.uni,rollingstone.uni
hanbyul_hangyul_,https://www.threads.net/@gloomygloww,gloomygloww
hanbyul_hangyul_,https://www.threads.net/@dkandlfmaaaaa,dkandlfmaaaaa
hanbyul_hangyul_,https://www.threads.net/@hun2l,hun2l
dream_y1004,https://www.threads.net/@anding_baby,anding_baby
dream_y1004,https://www.threads.net/@taesa_saju,taesa_saju
dream_y1004,https://www.threads.net/@soultalk.official,soultalk.official
dream_y1004,https://www.threads.net/@unlalasam,unlalasam
dream_y1004,https://www.threads.net/@hoony820326,hoony820326
dream_y1004,https://www.threads.net/@roziboutique,roziboutique
dream_y1004,https://www.threads.net/@habbiness_jyang,habbiness_jyang
dream_y1004,https://www.threads.net/@a.lacert.a,a.lacert.a
dream_y1004,https://www.threads.net/@kor.betta_king,kor.betta_king
dream_y1004,https://www.threads.net/@bonjour.mignon,bonjour.mignon
dream_y1004,https://www.threads.net/@oohd_studio,oohd_studio
dream_y1004,https://www.threads.net/@9eumbungeo,9eumbungeo
dream_y1004,https://www.threads.net/@meme850410,meme850410
dream_y1004,https://www.threads.net/@leejjangcats,leejjangcats
dream_y1004,https://www.threads.net/@qhfk_1218,qhfk_1218
dream_y1004,https://www.threads.net/@beloiro,beloiro
dream_y1004,https://www.threads.net/@yooni._.bb,yooni._.bb
dream_y1004,https://www.threads.net/@arum2222,arum2222
dream_y1004,https://www.threads.net/@travelscanner.kr,travelscanner.kr
dream_y1004,https://www.threads.net/@marienzoo_cafe,marienzoo_cafe
the_modgu,https://www.threads.net/@__ssuzip,__ssuzip
the_modgu,https://www.threads.net/@healthy_diet_10kg,healthy_diet_10kg
the_modgu,https://www.threads.net/@gla.tary,gla.tary
the_modgu,https://www.threads.net/@chan_ran100,chan_ran100
the_modgu,https://www.threads.net/@sim__table,sim__table
the_modgu,https://www.threads.net/@arirang.home,arirang.home
the_modgu,https://www.threads.net/@cupoftea_mag,cupoftea_mag
the_modgu,https://www.threads.net/@danyeong_9,danyeong_9
the_modgu,https://www.threads.net/@mungmung_o_oa,mungmung_o_oa
the_modgu,https://www.threads.net/@siaru_01,siaru_01
the_modgu,https://www.threads.net/@rubyvely_1227,rubyvely_1227
the_modgu,https://www.threads.net/@yeorij_official,yeorij_official
the_modgu,https://www.threads.net/@resumakekorea,resumakekorea
the_modgu,https://www.threads.net/@glamory.kr,glamory.kr
the_modgu,https://www.threads.net/@sale.onul,sale.onul
the_modgu,https://www.threads.net/@damse9700,damse9700
the_modgu,https://www.threads.net/@milkable,milkable
the_modgu,https://www.threads.net/@myo_hagae,myo_hagae
the_modgu,https://www.threads.net/@lottoismath,lottoismath
the_modgu,https://www.threads.net/@ggyull_ceo,ggyull_ceo
the_modgu,https://www.threads.net/@kim_sanggoo,kim_sanggoo
jjin_me0w,https://www.threads.net/@raaaaaaan.knitting,raaaaaaan.knitting
jjin_me0w,https://www.threads.net/@hi830310,hi830310
jjin_me0w,https://www.threads.net/@cantabile_96,cantabile_96
jjin_me0w,https://www.threads.net/@pilja.cat,pilja.cat
jjin_me0w,https://www.threads.net/@jjjjjjjihyun,jjjjjjjihyun
jjin_me0w,https://www.threads.net/@cvgxxio,cvgxxio
jjin_me0w,https://www.threads.net/@yein.kim__,yein.kim__
jjin_me0w,https://www.threads.net/@ajour_clinic,ajour_clinic
jjin_me0w,https://www.threads.net/@_puum_kinn_,_puum_kinn_
jjin_me0w,https://www.threads.net/@accungglutes,accungglutes
jjin_me0w,https://www.threads.net/@bandit_bullly,bandit_bullly
jjin_me0w,https://www.threads.net/@gomovemove,gomovemove
jjin_me0w,https://www.threads.net/@toripani,toripani
jjin_me0w,https://www.threads.net/@vn_haeromi,vn_haeromi
jjin_me0w,https://www.threads.net/@growthwithheeya,growthwithheeya
jjin_me0w,https://www.threads.net/@margoholy,margoholy
jjin_me0w,https://www.threads.net/@hyeon__cc,hyeon__cc
jjin_me0w,https://www.threads.net/@yozoh_k,yozoh_k
jjin_me0w,https://www.threads.net/@xxuxcxhxx,xxuxcxhxx
jjin_me0w,https://www.threads.net/@jjj._q_,jjj._q_
mer0dy.328,https://www.threads.net/@ji_youn.2028,ji_youn.2028
mer0dy.328,https://www.threads.net/@hello.ung,hello.ung
mer0dy.328,https://www.threads.net/@kyoung_fruitkiller,kyoung_fruitkiller
mer0dy.328,https://www.threads.net/@spiritnlifechurch,spiritnlifechurch
mer0dy.328,https://www.threads.net/@shinae.lee.02,shinae.lee.02
mer0dy.328,https://www.threads.net/@wlwlwl_on,wlwlwl_on
mer0dy.328,https://www.threads.net/@durumiwageoboogi,durumiwageoboogi
mer0dy.328,https://www.threads.net/@c.c.craft_,c.c.craft_
mer0dy.328,https://www.threads.net/@shadowofsunny,shadowofsunny
mer0dy.328,https://www.threads.net/@kim_a_m_u,kim_a_m_u
mer0dy.328,https://www.threads.net/@lover_dock,lover_dock
mer0dy.328,https://www.threads.net/@kwonsmind,kwonsmind
mer0dy.328,https://www.threads.net/@jwbr1009,jwbr1009
mer0dy.328,https://www.threads.net/@brianisdada,brianisdada
mer0dy.328,https://www.threads.net/@do_gang_ha,do_gang_ha
mer0dy.328,https://www.threads.net/@kim.moneyelect,kim.moneyelect
mer0dy.328,https://www.threads.net/@river.park.9,river.park.9
mer0dy.328,https://www.threads.net/@clarikyung_98,clarikyung_98
mer0dy.328,https://www.threads.net/@mooong_ge,mooong_ge
mer0dy.328,https://www.threads.net/@chohanla40,chohanla40
